Player,Team,Position,GW,FPTS,Ghost Points,Overperformance,Negative Fpts,Ros Rank,LiveRkOv,LiveRkOvByPos,Ros RankByPos,GS,GP,Opponent,G,KP,AT,SOT,TKW,DIS,YC,RC,ACNC,INT,CLR,COS,BS,AER,PKM,PKD,OG,GAO,CS,ROS %,MIN,FP/G
Raheem Sterling,CHE,F,8,32.0,11.0,7,0.0,36,21,7,14,1,1,CHE 4<br/>@BUR 1 F,1,1,2,2,1,0,0,0,0,0,0,2,0,0,0,1,0,1,0,100%,82,32.0
Mohamed Salah,LIV,F,8,27.0,9.0,-1,-1.0,3,6,3,2,1,1,LIV 2<br/>@BHA 2 F,2,1,0,2,1,2,0,0,0,0,0,2,1,0,0,0,0,2,0,100%,90,27.0
Alexander Isak,NEW,F,8,26.5,8.5,4,0.0,30,22,8,12,1,1,NEW 2<br/>@WHU 2 F,2,0,0,2,0,0,0,0,0,0,0,4,0,1,0,0,0,1,0,100%,85,26.5
Willian,FUL,F,8,26.0,17.0,-4,-0.5,73,98,29,25,1,1,SHU 1<br/>@FUL 3 F,1,3,0,3,0,1,0,0,0,1,0,3,0,3,0,0,0,1,0,58%,90,26.0
Jack Harrison,EVE,M,8,23.5,7.5,-28,-0.5,98,186,63,35,1,1,BOU 0<br/>@EVE 3 F,1,1,1,1,1,1,0,0,0,0,0,2,0,2,0,0,0,0,1,38%,77,23.5
Abdoulaye Doucoure,EVE,M,8,23.0,13.0,10,-1.5,41,16,6,16,1,1,BOU 0<br/>@EVE 3 F,1,2,0,3,2,3,0,0,0,0,0,2,0,1,0,0,0,0,1,91%,88,23.0
Micky van de Ven,TOT,D,8,22.25,6.25,7,0.0,200,96,22,29,1,1,TOT 1<br/>@LUT 0 F,1,0,0,1,2,0,0,0,0,0,1,0,1,1,0,0,0,0,1,67%,90,22.25
Scott McTominay,MUN,M,8,22.0,4.0,-5,0.0,200,162,54,49,0,1,BRF 1<br/>@MUN 2 F,2,0,0,2,0,0,0,0,0,0,0,0,0,0,0,0,0,0,0,2%,2,22.0
James Tarkowski,EVE,D,8,21.0,15.0,6,-1.0,60,31,5,11,1,1,BOU 0<br/>@EVE 3 F,0,1,0,0,3,2,0,0,0,1,8,0,2,6,0,0,0,0,1,93%,90,21.0
Cristian Romero,TOT,D,8,21.0,15.0,10,0.0,78,28,3,13,1,1,TOT 1<br/>@LUT 0 F,0,1,0,0,2,0,0,0,0,3,12,0,0,5,0,0,0,0,1,91%,90,21.0
Simon Adingra,BHA,F,8,21.0,12.0,22,0.0,200,71,21,43,1,1,LIV 2<br/>@BHA 2 F,1,0,0,2,3,0,0,0,0,2,0,3,0,0,0,0,0,2,0,33%,90,21.0
Kieran Trippier,NEW,D,8,20.0,13.0,0,-4.0,6,1,1,1,1,1,NEW 2<br/>@WHU 2 F,0,5,1,0,1,0,0,0,3,0,0,0,0,3,0,0,0,2,0,100%,90,20.0
Cole Palmer,CHE,M,8,19.5,4.5,-13,-1.5,87,133,43,30,1,1,CHE 4<br/>@BUR 1 F,1,2,1,1,0,3,0,0,0,0,0,0,0,0,0,0,0,1,0,58%,85,19.5
Mathias Jensen,BRF,M,8,19.0,9.0,13,0.0,46,14,5,18,1,1,BRF 1<br/>@MUN 2 F,1,2,0,1,1,0,0,0,1,0,1,1,0,0,0,0,0,0,1,97%,82,19.0
Dwight McNeil,EVE,M,8,18.5,17.5,-31,-1.5,32,141,45,14,1,1,BOU 0<br/>@EVE 3 F,0,6,0,1,1,3,0,0,1,0,0,2,1,0,0,0,0,0,1,82%,90,18.5
Hwang Hee-Chan,WOL,F,8,18.5,9.5,28,-0.5,200,49,15,43,1,1,AVL 1<br/>@WOL 1 F,1,1,0,1,2,1,0,0,1,1,0,1,1,0,0,0,0,1,0,51%,85,18.5
Solly March,BHA,M,8,18.0,12.0,-4,-1.0,16,26,12,8,1,1,LIV 2<br/>@BHA 2 F,0,1,1,0,5,2,0,0,1,3,2,2,0,0,0,0,0,2,0,100%,90,18.0
Wilson Odobert,BUR,F,8,18.0,9.0,-8,-2.0,200,239,51,43,1,1,CHE 4<br/>@BUR 1 F,1,1,0,2,2,0,1,0,0,0,0,3,0,0,0,0,0,4,0,0%,78,18.0
Tyrick Mitchell,CRY,D,8,17.75,11.75,10,-0.5,200,85,19,29,1,1,NOT 0<br/>@CRY 0 F,0,2,0,0,3,1,0,0,2,1,1,1,0,1,0,0,0,0,1,43%,90,17.75
Dominik Szoboszlai,LIV,M,8,17.5,11.5,2,-2.5,28,24,11,13,1,1,LIV 2<br/>@BHA 2 F,0,4,1,0,1,1,1,0,1,1,0,1,0,0,0,1,0,2,0,100%,90,17.5
Nicolas Jackson,CHE,F,8,17.5,8.5,-8,0.0,55,87,26,18,0,1,CHE 4<br/>@BUR 1 F,1,1,0,1,0,0,0,0,0,1,1,2,1,1,0,0,0,0,0,92%,45,17.5
Joachim Andersen,CRY,D,8,17.25,11.25,8,-0.5,58,7,2,10,1,1,NOT 0<br/>@CRY 0 F,0,1,0,0,1,1,0,0,1,0,3,1,2,4,0,0,0,0,1,94%,90,17.25
Willy Boly,NOT,D,8,17.0,11.0,12,0.0,103,29,4,16,1,1,NOT 0<br/>@CRY 0 F,0,0,0,0,2,0,0,0,0,2,8,0,0,5,0,0,0,0,1,74%,90,17.0
Diogo Dalot,MUN,D,8,16.75,16.75,-21,-2.5,53,135,30,9,1,1,BRF 1<br/>@MUN 2 F,0,4,0,1,0,1,0,0,4,2,1,1,0,2,0,0,0,1,0,84%,90,16.75
James Maddison,TOT,M,8,16.5,9.5,1,-0.5,5,2,1,2,1,1,TOT 1<br/>@LUT 0 F,0,4,1,0,1,1,0,0,0,0,0,1,0,0,0,0,0,0,1,100%,75,16.5
Gabriel Martinelli,ARS,M,8,16.0,7.0,-33,-0.5,18,132,42,9,0,1,MCI 0<br/>@ARS 1 F,1,1,0,2,0,1,0,0,0,0,1,1,0,1,0,0,0,0,0,100%,45,16.0
Lewis Dunk,BHA,D,8,15.75,5.75,-29,-4.0,200,229,58,29,1,1,LIV 2<br/>@BHA 2 F,1,1,0,1,0,0,0,0,1,0,3,1,1,2,0,0,0,2,0,44%,90,15.75
Pape Sarr,TOT,M,8,15.0,14.0,25,0.0,121,47,17,42,1,1,TOT 1<br/>@LUT 0 F,0,3,0,0,2,0,0,0,0,3,0,3,0,0,0,0,0,0,1,78%,90,15.0
James Garner,EVE,M,8,15.0,5.0,17,-1.0,101,56,20,37,1,1,BOU 0<br/>@EVE 3 F,1,0,0,2,1,2,0,0,0,1,1,0,0,0,0,0,0,0,1,48%,90,15.0
Bobby De Cordova-Reid,FUL,F,8,15.0,6.0,10,-1.5,200,122,33,43,1,1,SHU 1<br/>@FUL 3 F,1,1,0,1,2,3,0,0,0,0,0,1,0,1,0,0,0,1,0,18%,77,15.0
Ben White,ARS,D,8,14.5,8.5,11,0.0,109,35,6,17,1,1,MCI 0<br/>@ARS 1 F,0,2,0,0,3,0,0,0,0,0,2,1,0,0,0,0,0,0,1,99%,90,14.5
Harry Toffolo,NOT,D,8,14.5,8.5,-24,0.0,200,213,53,29,1,1,NOT 0<br/>@CRY 0 F,0,1,0,1,0,0,0,0,1,2,2,0,1,0,0,0,0,0,1,3%,90,14.5
Murillo,NOT,M,8,14.5,13.5,-30,0.0,200,260,79,49,1,1,NOT 0<br/>@CRY 0 F,0,2,0,2,2,0,0,0,0,0,3,2,1,1,0,0,0,0,1,2%,90,14.5
Marc Guehi,CRY,D,8,14.25,8.25,13,0.0,200,76,16,29,1,1,NOT 0<br/>@CRY 0 F,0,1,0,0,2,0,0,0,0,0,9,1,1,0,0,0,0,0,1,69%,90,14.25
Pau Torres,AVL,D,8,14.25,4.25,-10,-2.0,200,158,39,29,1,1,AVL 1<br/>@WOL 1 F,1,1,0,1,0,0,0,0,0,1,1,0,0,1,0,0,0,1,0,59%,90,14.25
Morgan Gibbs-White,NOT,M,8,14.0,13.0,-5,-0.5,21,37,15,10,1,1,NOT 0<br/>@CRY 0 F,0,4,0,0,2,1,0,0,1,0,0,2,0,1,0,0,0,0,1,99%,90,14.0
Tomas Soucek,WHU,M,8,13.5,4.5,14,0.0,84,33,14,28,1,1,NEW 2<br/>@WHU 2 F,1,0,0,1,0,0,0,0,0,1,0,0,1,1,0,0,0,2,0,87%,75,13.5
Mohammed Kudus,WHU,M,8,13.5,4.5,-54,-0.5,44,226,71,17,0,1,NEW 2<br/>@WHU 2 F,1,1,0,1,0,1,0,0,0,0,0,1,0,0,0,0,0,0,0,64%,13,13.5
Pedro Porro,TOT,D,8,13.0,7.0,-6,0.0,34,42,9,3,1,1,TOT 1<br/>@LUT 0 F,0,0,0,0,2,0,0,0,0,1,4,0,1,2,0,0,0,0,1,100%,90,13.0
Yoane Wissa,BRF,F,8,13.0,7.0,5,0.0,54,34,12,17,1,1,BRF 1<br/>@MUN 2 F,0,1,1,0,1,0,0,0,0,2,2,2,0,0,0,0,0,0,1,92%,69,13.0
Conor Gallagher,CHE,M,8,13.0,7.0,23,-0.5,146,65,24,47,1,1,CHE 4<br/>@BUR 1 F,0,1,1,0,2,1,0,0,1,2,0,0,0,1,0,0,0,1,0,82%,90,13.0
Jarrad Branthwaite,EVE,D,8,12.75,6.75,-4,0.0,200,148,33,29,1,1,BOU 0<br/>@EVE 3 F,0,1,0,0,0,0,0,0,0,0,3,0,2,2,0,0,0,0,1,12%,90,12.75
Iyenoma Destiny Udogie,TOT,D,8,12.0,6.0,-7,0.0,42,61,13,6,1,1,TOT 1<br/>@LUT 0 F,0,0,0,0,0,0,0,0,0,0,4,1,1,3,0,0,0,0,1,98%,81,12.0
Pedro Neto,WOL,F,8,12.0,6.0,3,0.0,19,8,4,7,1,1,AVL 1<br/>@WOL 1 F,0,2,1,0,0,0,0,0,0,0,0,2,0,0,0,0,0,1,0,97%,90,12.0
Harry Maguire,MUN,D,8,12.0,5.0,-44,-2.0,200,301,73,29,1,1,BRF 1<br/>@MUN 2 F,0,1,1,0,0,0,0,0,1,2,0,0,0,2,0,0,0,1,0,7%,90,12.0
Vitalii Mykolenko,EVE,D,8,11.75,5.75,-14,0.0,200,173,43,29,1,1,BOU 0<br/>@EVE 3 F,0,0,0,0,2,0,0,0,0,1,3,1,0,1,0,0,0,0,1,27%,90,11.75
Bruno Fernandes,MUN,M,8,11.5,11.5,-1,0.0,2,10,2,1,1,1,BRF 1<br/>@MUN 2 F,0,1,0,2,1,0,0,0,1,2,0,1,0,1,0,0,0,1,0,100%,90,11.5
Darwin Nunez,LIV,F,8,11.5,5.5,-9,-1.0,24,60,18,9,1,1,LIV 2<br/>@BHA 2 F,0,2,1,1,0,2,0,0,0,0,0,0,0,1,0,0,0,2,0,100%,90,11.5
Gabriel Magalhaes,ARS,D,8,11.0,5.0,-14,0.0,126,153,35,21,1,1,MCI 0<br/>@ARS 1 F,0,0,0,0,0,0,0,0,0,3,0,0,1,1,0,0,0,0,1,85%,90,11.0
John McGinn,AVL,M,8,11.0,11.0,22,-2.0,200,77,27,49,1,1,AVL 1<br/>@WOL 1 F,0,4,0,0,0,0,1,0,3,2,0,0,0,0,0,0,0,1,0,74%,90,11.0
Declan Rice,ARS,M,8,10.5,9.5,0,-0.5,74,64,23,23,1,1,MCI 0<br/>@ARS 1 F,0,2,0,0,2,1,0,0,0,3,2,0,1,0,0,0,0,0,1,99%,90,10.5
Lyle Foster,BUR,F,8,10.5,4.5,15,0.0,142,81,24,39,1,1,CHE 4<br/>@BUR 1 F,0,1,1,0,0,0,0,0,0,0,0,1,0,3,0,0,0,4,0,39%,90,10.5
Ollie Watkins,AVL,F,8,10.0,4.0,4,-0.5,15,4,1,5,1,1,AVL 1<br/>@WOL 1 F,0,1,1,1,0,1,0,0,0,0,0,0,0,1,0,0,0,1,0,100%,90,10.0
Phil Foden,MCI,M,8,10.0,10.0,-6,-1.0,7,19,9,3,1,1,MCI 0<br/>@ARS 1 F,0,2,0,0,2,2,0,0,0,0,2,4,0,2,0,0,0,1,0,100%,90,10.0
Oleksandr Zinchenko,ARS,D,8,10.0,4.0,-20,0.0,127,167,42,22,1,1,MCI 0<br/>@ARS 1 F,0,1,0,0,1,0,0,0,0,1,0,0,0,0,0,0,0,0,1,96%,74,10.0
Ashley Young,EVE,D,8,9.75,3.75,-25,-2.5,200,217,54,29,1,1,BOU 0<br/>@EVE 3 F,0,0,0,0,1,1,1,0,0,1,1,2,0,2,0,0,0,0,1,12%,90,9.75
Andreas Pereira,FUL,M,8,9.5,3.5,-7,-1.5,75,105,31,24,1,1,SHU 1<br/>@FUL 3 F,0,1,1,0,0,3,0,0,0,0,0,3,0,0,0,0,0,1,0,88%,70,9.5
Ethan Pinnock,BRF,D,8,9.25,9.25,-7,-4.0,37,53,11,4,1,1,BRF 1<br/>@MUN 2 F,0,0,0,0,1,0,0,0,0,3,17,0,3,2,0,0,0,2,0,96%,90,9.25
Alfie Doughty,LUT,M,8,9.0,9.0,13,0.0,86,44,16,29,1,1,TOT 1<br/>@LUT 0 F,0,2,0,0,3,0,0,0,1,0,2,0,0,2,0,0,0,1,0,64%,90,9.0
Marcus Tavernier,BOU,M,8,9.0,9.0,-19,-3.0,81,142,46,27,1,1,BOU 0<br/>@EVE 3 F,0,1,0,1,0,6,0,0,1,0,1,7,0,0,0,0,0,3,0,53%,90,9.0
William Saliba,ARS,D,8,8.5,2.5,-6,0.0,117,107,24,18,1,1,MCI 0<br/>@ARS 1 F,0,0,0,0,1,0,0,0,0,0,2,0,0,1,0,0,0,0,1,97%,90,8.5
Martin Odegaard,ARS,M,8,8.0,7.0,-2,-1.0,13,18,8,6,1,1,MCI 0<br/>@ARS 1 F,0,2,0,0,2,2,0,0,0,1,0,1,0,0,0,0,0,0,1,100%,90,8.0
Alexis Mac Allister,LIV,M,8,8.0,8.0,-19,-1.0,106,175,58,39,1,1,LIV 2<br/>@BHA 2 F,0,0,0,0,2,2,0,0,0,6,1,1,0,0,0,0,0,2,0,92%,90,8.0
Carlos Vinicius,FUL,F,8,8.0,8.0,-6,-1.5,200,230,49,43,1,1,SHU 1<br/>@FUL 3 F,0,3,0,1,0,3,0,0,0,0,0,1,0,1,0,0,0,1,0,16%,77,8.0
Pelly Ruddock,LUT,M,8,8.0,8.0,-29,-0.5,200,255,78,49,1,1,TOT 1<br/>@LUT 0 F,0,2,0,0,1,1,0,0,1,1,2,0,1,1,0,0,0,1,0,1%,66,8.0
Nathaniel Clyne,CRY,D,8,7.75,1.75,-50,0.0,200,324,79,29,1,1,NOT 0<br/>@CRY 0 F,0,0,0,0,1,0,0,0,0,0,3,0,0,0,0,0,0,0,1,1%,90,7.75
Dejan Kulusevski,TOT,M,8,7.5,6.5,2,-2.5,27,20,10,12,1,1,TOT 1<br/>@LUT 0 F,0,1,0,1,0,5,0,0,2,0,0,3,0,0,0,0,0,0,1,100%,88,7.5
Bryan Mbeumo,BRF,F,8,7.5,7.5,1,0.0,25,23,9,10,1,1,BRF 1<br/>@MUN 2 F,0,2,0,0,1,0,0,0,0,2,0,0,0,1,0,0,0,2,0,100%,90,7.5
Kai Havertz,ARS,F,8,7.5,1.5,-6,-0.5,125,192,41,35,0,1,MCI 0<br/>@ARS 1 F,0,1,1,0,0,1,0,0,0,0,0,0,0,0,0,0,0,0,0,81%,14,7.5
Alejandro Garnacho,MUN,M,8,7.5,7.5,-28,-0.5,200,254,77,49,0,1,BRF 1<br/>@MUN 2 F,0,3,0,0,0,1,0,0,1,0,0,1,0,0,0,0,0,0,0,49%,26,7.5
Oliver Norwood,SHU,M,8,7.5,7.5,0,-2.5,200,150,49,49,1,1,SHU 1<br/>@FUL 3 F,0,2,0,0,3,1,1,0,0,1,1,0,0,4,0,0,0,3,0,13%,90,7.5
Vladimir Coufal,WHU,D,8,7.25,0.25,11,-4.0,118,39,8,19,1,1,NEW 2<br/>@WHU 2 F,0,1,1,0,2,0,0,0,0,0,1,0,0,0,0,0,0,2,0,80%,90,7.25
Lucas Digne,AVL,D,8,7.0,7.0,10,-2.0,123,43,10,20,1,1,AVL 1<br/>@WOL 1 F,0,2,0,0,0,0,0,0,1,2,0,0,0,2,0,0,0,1,0,90%,90,7.0
Joao Palhinha,FUL,M,8,7.0,7.0,-13,-2.0,200,184,62,49,1,1,SHU 1<br/>@FUL 3 F,0,0,0,0,4,0,1,0,0,3,1,0,1,2,0,0,0,1,0,46%,90,7.0
Amadou Onana,EVE,M,8,7.0,6.0,20,0.0,200,101,29,49,1,1,BOU 0<br/>@EVE 3 F,0,1,0,1,1,0,0,0,0,0,0,0,0,2,0,0,0,0,1,29%,90,7.0
Issa Diop,FUL,D,8,7.0,7.0,-23,-2.5,200,209,52,29,1,1,SHU 1<br/>@FUL 3 F,0,0,0,1,3,1,0,0,0,2,2,0,0,2,0,0,0,1,0,19%,70,7.0
Chiedozie Ogbene,LUT,F,8,7.0,7.0,-2,-1.0,200,207,45,43,1,1,TOT 1<br/>@LUT 0 F,0,1,0,0,2,2,0,0,0,0,0,4,0,0,0,0,0,1,0,2%,90,7.0
Jesurun Rak-Sakyi,CRY,M,8,7.0,6.0,-42,-0.5,200,309,91,49,0,1,NOT 0<br/>@CRY 0 F,0,0,0,0,1,1,0,0,0,2,1,3,0,1,0,0,0,0,1,1%,63,7.0
Antonee Robinson,FUL,D,8,6.75,6.75,-5,-7.0,200,151,34,29,1,1,SHU 1<br/>@FUL 3 F,0,1,0,0,1,0,0,0,1,2,3,3,0,4,0,0,1,1,0,71%,90,6.75
Emerson,WHU,D,8,6.75,-0.25,4,-6.5,200,114,25,29,1,1,NEW 2<br/>@WHU 2 F,0,1,1,0,1,1,1,0,0,1,1,1,0,1,0,0,0,2,0,50%,90,6.75
Reece Burke,LUT,D,8,6.75,6.75,-11,-2.5,200,160,40,29,1,1,TOT 1<br/>@LUT 0 F,0,2,0,0,1,1,0,0,0,1,5,0,1,1,0,0,0,1,0,1%,90,6.75
Marcus Rashford,MUN,F,8,6.5,6.5,-6,0.0,22,45,14,8,1,1,BRF 1<br/>@MUN 2 F,0,0,0,1,0,0,0,0,0,0,1,4,0,1,0,0,0,1,0,100%,62,6.5
Moises Caicedo,CHE,M,8,6.5,6.5,-17,-2.0,200,205,66,49,1,1,CHE 4<br/>@BUR 1 F,0,2,0,0,1,0,1,0,0,0,0,1,2,1,0,0,0,1,0,69%,90,6.5
Timothy Castagne,FUL,D,8,6.5,6.5,-18,-2.0,145,185,46,28,1,1,SHU 1<br/>@FUL 3 F,0,1,0,0,0,0,0,0,1,2,2,1,0,2,0,0,0,1,0,50%,90,6.5
Luca Koleosho,BUR,F,8,6.5,6.5,11,-0.5,200,112,32,43,0,1,CHE 4<br/>@BUR 1 F,0,1,0,1,0,1,0,0,1,0,0,2,0,0,0,0,0,2,0,10%,28,6.5
Jonny Evans,MUN,D,8,6.5,6.5,-26,-2.0,200,222,55,29,1,1,BRF 1<br/>@MUN 2 F,0,1,0,0,1,0,0,0,0,1,2,0,1,3,0,0,0,1,0,10%,90,6.5
Illia Zabarnyi,BOU,D,8,6.5,6.5,-22,-6.0,200,202,51,29,1,1,BOU 0<br/>@EVE 3 F,0,0,0,1,1,0,0,0,0,1,10,0,0,6,0,0,0,3,0,7%,90,6.5
Luis Sinisterra,BOU,F,8,6.5,6.5,-25,0.0,129,289,61,36,0,1,BOU 0<br/>@EVE 3 F,0,2,0,0,0,0,0,0,0,0,0,2,0,1,0,0,0,1,0,6%,32,6.5
Andrew Robertson,LIV,D,8,6.25,6.25,0,-4.0,43,36,7,7,1,1,LIV 2<br/>@BHA 2 F,0,2,0,0,4,0,0,0,1,1,1,0,0,0,0,0,0,2,0,100%,90,6.25
Kaoru Mitoma,BHA,M,8,6.0,6.0,0,-1.0,14,17,7,7,1,1,LIV 2<br/>@BHA 2 F,0,0,0,0,0,2,0,0,0,2,0,5,0,0,0,0,0,2,0,100%,90,6.0
Casemiro,MUN,M,8,6.0,6.0,-4,0.0,72,75,26,22,1,1,BRF 1<br/>@MUN 2 F,0,1,0,0,0,0,0,0,2,1,1,0,0,2,0,0,0,1,0,97%,45,6.0
Richarlison,TOT,F,8,6.0,6.0,-7,-1.5,63,93,28,21,1,1,TOT 1<br/>@LUT 0 F,0,0,0,1,2,3,0,0,1,1,0,0,0,3,0,0,0,0,0,96%,45,6.0
Dominic Calvert-Lewin,EVE,F,8,6.0,6.0,-13,-0.5,71,149,37,24,1,1,BOU 0<br/>@EVE 3 F,0,0,0,0,0,1,0,0,0,1,0,2,0,7,0,0,0,0,1,83%,82,6.0
Josh Brownhill,BUR,M,8,6.0,6.0,7,-0.5,135,121,38,45,1,1,CHE 4<br/>@BUR 1 F,0,1,0,0,2,1,0,0,0,2,3,0,0,1,0,0,0,4,0,46%,90,6.0
Rico Lewis,MCI,D,8,6.0,0.0,-51,0.0,200,332,80,29,1,1,MCI 0<br/>@ARS 1 F,0,0,0,0,0,0,0,0,0,0,0,0,0,0,0,0,0,0,1,29%,67,6.0
Vitaly Janelt,BRF,M,8,6.0,5.0,9,-2.0,200,128,40,49,1,1,BRF 1<br/>@MUN 2 F,0,2,0,0,1,0,1,0,0,2,1,0,0,0,0,0,0,0,1,10%,69,6.0
Tom Cairney,FUL,M,8,6.0,0.0,-38,0.0,200,288,87,49,0,1,SHU 1<br/>@FUL 3 F,0,0,1,0,0,0,0,0,0,0,1,0,0,0,0,0,0,0,0,0%,18,6.0
Erling Haaland,MCI,F,8,5.5,5.5,-1,-0.5,1,5,2,1,1,1,MCI 0<br/>@ARS 1 F,0,2,0,0,0,1,0,0,0,0,1,1,0,2,0,0,0,1,0,100%,90,5.5
Son Heung-Min,TOT,F,8,5.5,5.5,-2,-0.5,12,11,6,4,1,1,TOT 1<br/>@LUT 0 F,0,2,0,1,0,1,0,0,0,0,0,0,0,0,0,0,0,0,1,100%,75,5.5
Douglas Luiz,AVL,M,8,5.5,5.5,3,0.0,68,50,18,21,1,1,AVL 1<br/>@WOL 1 F,0,1,0,0,2,0,0,0,1,0,1,0,0,1,0,0,0,1,0,98%,90,5.5
Josko Gvardiol,MCI,D,8,5.5,5.5,2,-3.0,200,130,27,29,1,1,MCI 0<br/>@ARS 1 F,0,0,0,1,2,2,0,0,0,2,2,0,1,1,0,0,0,1,0,82%,90,5.5
Alex Iwobi,FUL,M,8,5.5,5.5,-29,0.0,104,206,67,38,1,1,SHU 1<br/>@FUL 3 F,0,2,0,0,1,0,0,0,0,0,0,0,0,1,0,0,0,1,0,64%,78,5.5
Tim Ream,FUL,D,8,5.5,5.5,-8,-3.0,200,155,37,29,1,1,SHU 1<br/>@FUL 3 F,0,0,0,0,3,2,0,0,0,1,2,0,0,4,0,0,0,1,0,34%,90,5.5
Sofyan Amrabat,MUN,M,8,5.5,5.5,-43,-0.5,200,317,92,49,1,1,BRF 1<br/>@MUN 2 F,0,3,0,0,0,1,0,0,0,0,1,0,0,0,0,0,0,1,0,34%,86,5.5
Max Kilman,WOL,D,8,5.5,5.5,-12,-2.0,200,165,41,29,1,1,AVL 1<br/>@WOL 1 F,0,1,0,0,0,0,0,0,0,1,6,0,1,2,0,0,0,1,0,23%,90,5.5
Oliver McBurnie,SHU,F,8,5.5,5.5,-8,-3.0,114,187,39,31,1,1,SHU 1<br/>@FUL 3 F,0,0,0,2,0,2,1,0,0,1,1,1,0,5,0,0,0,3,0,21%,90,5.5
Jayden Bogle,SHU,D,8,5.5,-1.5,-28,-7.0,200,228,57,29,1,1,SHU 1<br/>@FUL 3 F,0,0,1,0,0,2,0,0,0,3,2,1,0,1,0,0,0,3,0,5%,90,5.5
Lewis Cook,BOU,M,8,5.5,5.5,1,-0.5,200,146,48,49,1,1,BOU 0<br/>@EVE 3 F,0,1,0,0,1,1,0,0,0,2,0,0,1,0,0,0,0,3,0,4%,65,5.5
Carlos Baleba,BHA,M,8,5.5,5.5,-46,-2.0,200,328,95,49,1,1,LIV 2<br/>@BHA 2 F,0,0,0,0,0,0,1,0,0,3,0,2,2,1,0,0,0,2,0,4%,90,5.5
Serge Aurier,NOT,D,8,5.25,5.25,-7,-0.5,200,154,36,29,1,1,NOT 0<br/>@CRY 0 F,0,0,0,1,0,1,0,0,0,1,3,1,0,1,0,0,0,0,0,57%,45,5.25
Marc Cucurella,CHE,D,8,5.25,5.25,-39,-4.0,200,281,68,29,1,1,CHE 4<br/>@BUR 1 F,0,1,0,0,3,0,1,0,0,3,1,0,0,1,0,0,0,1,0,52%,90,5.25
Luis Diaz,LIV,F,8,5.0,5.0,-14,-0.5,31,88,27,13,1,1,LIV 2<br/>@BHA 2 F,0,0,0,0,3,1,0,0,0,0,0,2,0,1,0,0,0,2,0,100%,90,5.0
Carlton Morris,LUT,F,8,5.0,5.0,15,-2.5,80,30,11,26,1,1,TOT 1<br/>@LUT 0 F,0,1,0,1,0,1,1,0,0,0,1,2,0,3,0,0,0,1,0,93%,90,5.0
James Ward-Prowse,WHU,M,8,5.0,5.0,0,0.0,10,13,4,4,1,1,NEW 2<br/>@WHU 2 F,0,1,0,0,1,0,0,0,0,1,0,1,0,0,0,0,0,2,0,85%,90,5.0
Philip Billing,BOU,M,8,5.0,5.0,12,-1.5,133,108,32,44,1,1,BOU 0<br/>@EVE 3 F,0,1,0,0,2,3,0,0,0,0,3,0,1,3,0,0,0,3,0,71%,90,5.0
Gustavo Hamer,SHU,M,8,5.0,5.0,0,0.0,76,67,25,25,1,1,SHU 1<br/>@FUL 3 F,0,0,0,0,2,0,0,0,1,0,0,1,1,0,0,0,0,1,0,60%,65,5.0
Cameron Archer,SHU,F,8,5.0,5.0,-5,-2.0,150,218,47,42,1,1,SHU 1<br/>@FUL 3 F,0,2,0,0,0,4,0,0,0,0,0,2,0,2,0,0,0,2,0,11%,78,5.0
Tahith Chong,LUT,M,8,5.0,5.0,-44,0.0,200,318,93,49,0,1,TOT 1<br/>@LUT 0 F,0,1,0,0,1,0,0,0,1,1,0,0,0,0,0,0,0,0,0,3%,22,5.0
Orel Mangala,NOT,M,8,5.0,4.0,-27,-1.0,200,247,76,49,1,1,NOT 0<br/>@CRY 0 F,0,1,0,0,2,2,0,0,0,1,1,0,0,0,0,0,0,0,1,1%,82,5.0
Ezri Konsa,AVL,D,8,4.75,4.75,-19,-2.0,200,195,48,29,1,1,AVL 1<br/>@WOL 1 F,0,1,0,1,0,0,0,0,0,1,3,0,1,0,0,0,0,1,0,23%,90,4.75
Auston Trusty,SHU,D,8,4.75,4.75,-56,-6.5,200,348,85,29,1,1,SHU 1<br/>@FUL 3 F,0,1,0,0,1,1,0,0,0,0,13,0,2,3,0,0,0,3,0,1%,90,4.75
Enzo Fernandez,CHE,M,8,4.5,4.5,11,-3.0,111,104,30,41,1,1,CHE 4<br/>@BUR 1 F,0,0,0,1,2,2,1,0,0,2,0,1,0,1,0,0,0,1,0,97%,90,4.5
Nathan Collins,BRF,D,8,4.5,4.5,3,-6.0,200,116,26,29,1,1,BRF 1<br/>@MUN 2 F,0,0,0,0,1,0,1,0,0,2,6,1,1,4,0,0,0,2,0,37%,90,4.5
Elliot Anderson,NEW,M,8,4.5,4.5,14,-1.0,200,113,35,49,1,1,NEW 2<br/>@WHU 2 F,0,1,0,0,0,2,0,0,0,1,1,2,0,1,0,0,0,2,0,35%,88,4.5
Ryan Gravenberch,LIV,M,8,4.5,4.5,-47,0.0,200,330,96,49,0,1,LIV 2<br/>@BHA 2 F,0,0,0,1,0,0,0,0,0,1,2,1,0,1,0,0,0,1,0,34%,45,4.5
Marvelous Nakamba,LUT,M,8,4.5,4.5,8,-0.5,200,129,41,49,1,1,TOT 1<br/>@LUT 0 F,0,1,0,0,2,1,0,0,0,0,3,1,0,0,0,0,0,1,0,13%,90,4.5
Nicolas Dominguez,NOT,M,8,4.5,3.5,-21,0.0,200,221,70,49,1,1,NOT 0<br/>@CRY 0 F,0,0,0,1,0,0,0,0,0,1,2,0,0,1,0,0,0,0,1,12%,90,4.5
Ibrahim Sangare,NOT,M,8,4.5,3.5,-33,-1.0,200,265,82,49,1,1,NOT 0<br/>@CRY 0 F,0,1,0,0,1,2,0,0,0,0,0,1,0,1,0,0,0,0,1,8%,75,4.5
Kieffer Moore,BOU,F,8,4.5,4.5,-22,-0.5,200,342,65,43,0,1,BOU 0<br/>@EVE 3 F,0,1,0,1,0,1,0,0,0,0,0,0,0,2,0,0,0,0,0,0%,23,4.5
Dan Burn,NEW,D,8,4.25,4.25,0,-4.5,88,69,14,14,1,1,NEW 2<br/>@WHU 2 F,0,1,0,1,0,1,0,0,1,1,3,0,0,2,0,0,0,2,0,98%,90,4.25
Jarrod Bowen,WHU,M,8,4.0,4.0,2,0.0,11,12,3,5,1,1,NEW 2<br/>@WHU 2 F,0,0,0,1,1,0,0,0,0,0,0,0,0,2,0,0,0,2,0,100%,90,4.0
Matty Cash,AVL,D,8,4.0,4.0,-3,-2.5,67,73,15,12,1,1,AVL 1<br/>@WOL 1 F,0,0,0,1,2,1,0,0,0,2,2,0,0,0,0,0,0,1,0,98%,81,4.0
Jeremy Doku,MCI,F,8,4.0,4.0,-15,0.0,49,99,30,15,0,1,MCI 0<br/>@ARS 1 F,0,0,0,0,1,0,0,0,0,2,1,1,0,0,0,0,0,1,0,83%,21,4.0
Kurt Zouma,WHU,D,8,4.0,4.0,3,-4.0,134,95,21,24,1,1,NEW 2<br/>@WHU 2 F,0,0,0,0,0,0,0,0,0,4,4,0,0,3,0,0,0,2,0,62%,90,4.0
Christian Eriksen,MUN,M,8,4.0,4.0,10,-0.5,200,127,39,49,0,1,BRF 1<br/>@MUN 2 F,0,1,0,1,0,1,0,0,0,0,2,0,0,1,0,0,0,0,0,60%,45,4.0
Elijah Adebayo,LUT,F,8,4.0,4.0,1,0.0,200,194,42,43,1,1,TOT 1<br/>@LUT 0 F,0,1,0,0,0,0,0,0,0,2,1,0,0,0,0,0,0,1,0,7%,66,4.0
Vinicius de Souza Costa,SHU,M,8,4.0,4.0,-6,-0.5,200,164,55,49,1,1,SHU 1<br/>@FUL 3 F,0,0,0,0,1,1,0,0,0,1,4,2,0,1,0,0,0,3,0,4%,90,4.0
Cauley Woodrow,LUT,F,8,4.0,4.0,-13,0.0,200,266,56,43,0,1,TOT 1<br/>@LUT 0 F,0,0,0,1,1,0,0,0,1,0,0,0,0,0,0,0,0,0,0,0%,22,4.0
Gabriel Jesus,ARS,F,8,3.5,3.5,-30,-3.5,17,140,36,6,1,1,MCI 0<br/>@ARS 1 F,0,0,0,0,3,3,1,0,0,1,1,3,0,0,0,0,0,0,1,100%,90,3.5
Dango Ouattara,BOU,F,8,3.5,3.5,-18,-0.5,143,270,58,40,1,1,BOU 0<br/>@EVE 3 F,0,1,0,0,0,1,0,0,1,0,2,0,0,2,0,0,0,2,0,29%,56,3.5
Joel Matip,LIV,D,8,3.5,3.5,-21,-2.5,200,201,50,29,1,1,LIV 2<br/>@BHA 2 F,0,0,0,0,1,1,0,0,0,1,4,0,2,1,0,0,0,1,0,26%,72,3.5
Edson Alvarez,WHU,M,8,3.5,3.5,-26,0.0,200,244,75,49,1,1,NEW 2<br/>@WHU 2 F,0,0,0,0,2,0,0,0,0,0,2,1,0,1,0,0,0,2,0,14%,90,3.5
Mads Andersen,LUT,D,8,3.5,3.5,-15,-2.0,200,178,44,29,1,1,TOT 1<br/>@LUT 0 F,0,0,0,0,3,0,0,0,0,2,2,0,0,0,0,0,0,1,0,2%,58,3.5
Kristoffer Ajer,BRF,D,8,3.5,3.5,-30,-4.0,200,242,59,29,1,1,BRF 1<br/>@MUN 2 F,0,1,0,0,2,0,0,0,0,0,6,1,0,1,0,0,0,2,0,2%,90,3.5
Jairo Riedewald,CRY,M,8,3.5,2.5,-48,-0.5,200,349,97,49,1,1,NOT 0<br/>@CRY 0 F,0,0,0,0,1,1,0,0,0,1,0,1,0,0,0,0,0,0,1,0%,74,3.5
Tom Lockyer,LUT,D,8,3.25,3.25,-16,-4.0,200,181,45,29,1,1,TOT 1<br/>@LUT 0 F,0,0,0,0,1,0,1,0,0,3,5,1,0,1,0,0,0,1,0,16%,80,3.25
Chris Richards,CRY,D,8,3.25,3.25,-60,0.0,200,369,89,29,0,1,NOT 0<br/>@CRY 0 F,0,0,0,0,0,0,0,0,0,1,1,0,0,2,0,0,0,0,0,0%,14,3.25
Joao Pedro,BHA,F,8,3.0,3.0,-1,-1.0,51,55,17,16,1,1,LIV 2<br/>@BHA 2 F,0,2,0,0,0,2,0,0,0,0,0,0,0,0,0,0,0,2,0,96%,88,3.0
Sandro Tonali,NEW,M,8,3.0,3.0,-2,0.0,149,152,50,48,1,1,NEW 2<br/>@WHU 2 F,0,1,0,0,1,0,0,0,0,0,0,0,0,0,0,0,0,2,0,87%,90,3.0
Christian Norgaard,BRF,M,8,3.0,3.0,14,-2.0,100,63,22,36,1,1,BRF 1<br/>@MUN 2 F,0,0,0,1,1,0,1,0,0,2,4,0,0,0,0,0,0,2,0,67%,90,3.0
Leon Bailey,AVL,F,8,3.0,3.0,8,0.0,200,126,35,43,0,1,AVL 1<br/>@WOL 1 F,0,1,0,0,0,0,0,0,1,0,0,0,0,0,0,0,0,0,0,57%,7,3.0
Callum Hudson-Odoi,NOT,F,8,3.0,3.0,-13,0.0,112,198,43,30,1,1,NOT 0<br/>@CRY 0 F,0,0,0,0,0,0,0,0,0,0,0,3,0,0,0,0,0,0,1,38%,65,3.0
Mario Lemina,WOL,M,8,3.0,3.0,-2,-7.0,200,157,51,49,1,1,AVL 1<br/>@WOL 1 F,0,0,0,1,2,0,0,1,0,3,0,1,1,2,0,0,0,1,0,11%,88,3.0
Jan-Paul van Hecke,BHA,D,8,3.0,3.0,-32,0.0,200,252,61,29,0,1,LIV 2<br/>@BHA 2 F,0,0,0,0,0,0,0,0,0,2,0,0,1,0,0,0,0,0,0,7%,26,3.0
Connor Roberts,BUR,D,8,3.0,3.0,-66,-4.0,200,719,95,29,0,1,CHE 4<br/>@BUR 1 F,0,3,0,0,1,0,0,0,0,0,0,0,0,0,0,0,0,2,0,7%,28,3.0
Frank Onyeka,BRF,M,8,3.0,3.0,-23,0.0,200,234,72,49,0,1,BRF 1<br/>@MUN 2 F,0,0,0,0,0,0,0,0,0,3,0,0,0,0,0,0,0,2,0,0%,19,3.0
Jamaal Lascelles,NEW,D,8,2.75,2.75,-36,-4.0,200,268,65,29,1,1,NEW 2<br/>@WHU 2 F,0,0,0,0,0,0,0,0,0,0,3,0,0,6,0,0,0,2,0,15%,90,2.75
Craig Dawson,WOL,D,8,2.75,2.75,-18,-4.0,200,191,47,29,1,1,AVL 1<br/>@WOL 1 F,0,1,0,0,0,0,1,0,0,0,7,0,1,2,0,0,0,1,0,14%,90,2.75
Pascal Gross,BHA,M,8,2.5,2.5,-2,0.0,23,32,13,11,1,1,LIV 2<br/>@BHA 2 F,0,1,0,0,0,0,0,0,0,0,1,0,0,1,0,0,0,2,0,100%,90,2.5
Lucas Paqueta,WHU,M,8,2.5,2.5,-4,-3.5,38,52,19,15,1,1,NEW 2<br/>@WHU 2 F,0,0,0,0,2,3,1,0,0,1,1,0,0,6,0,0,0,2,0,100%,90,2.5
Moussa Diaby,AVL,F,8,2.5,2.5,1,-0.5,29,27,10,11,1,1,AVL 1<br/>@WOL 1 F,0,1,0,0,0,1,0,0,1,0,0,0,0,0,0,0,0,1,0,97%,61,2.5
Dominic Solanke,BOU,F,8,2.5,2.5,3,-4.5,56,51,16,19,1,1,BOU 0<br/>@EVE 3 F,0,1,0,1,0,5,1,0,1,0,2,1,1,0,0,0,0,3,0,96%,90,2.5
Kyle Walker,MCI,D,8,2.5,2.5,9,-2.0,200,92,20,29,1,1,MCI 0<br/>@ARS 1 F,0,0,0,0,1,0,0,0,0,1,2,1,0,1,0,0,0,1,0,95%,90,2.5
Boubacar Kamara,AVL,M,8,2.5,2.5,13,-2.0,200,118,36,49,1,1,AVL 1<br/>@WOL 1 F,0,1,0,0,0,0,1,0,0,2,0,0,0,1,0,0,0,1,0,20%,81,2.5
Nelson Semedo,WOL,D,8,2.5,2.5,-27,-4.0,200,223,56,29,1,1,AVL 1<br/>@WOL 1 F,0,0,0,1,0,0,1,0,0,0,2,3,0,1,0,0,0,1,0,20%,90,2.5
Rayan Ait-Nouri,WOL,D,8,2.5,2.5,-34,0.0,200,257,63,29,1,1,AVL 1<br/>@WOL 1 F,0,0,0,0,1,0,0,0,0,0,2,1,0,0,0,0,0,0,0,4%,45,2.5
Chris Wood,NOT,F,8,2.5,2.5,-9,-1.5,200,245,52,43,1,1,NOT 0<br/>@CRY 0 F,0,1,0,0,1,3,0,0,0,0,1,0,0,2,0,0,0,0,1,3%,75,2.5
Igor Julio dos Santos de Paulo,BHA,D,8,2.5,2.5,-61,-4.0,200,379,90,29,1,1,LIV 2<br/>@BHA 2 F,0,2,0,0,0,0,0,0,0,1,2,0,1,0,0,0,0,2,0,2%,62,2.5
Chris Basham,SHU,D,8,2.5,2.5,-37,0.0,200,272,66,29,1,1,SHU 1<br/>@FUL 3 F,0,0,0,0,0,0,0,0,0,1,2,0,1,0,0,0,0,0,0,0%,34,2.5
Teden Mengi,LUT,D,8,2.5,2.5,-48,0.0,200,316,77,29,0,1,TOT 1<br/>@LUT 0 F,0,0,0,0,0,0,0,0,0,2,2,0,0,0,0,0,0,0,0,0%,30,2.5
Fabian Schar,NEW,D,8,2.25,2.25,-23,-4.0,52,138,31,8,1,1,NEW 2<br/>@WHU 2 F,0,0,0,0,1,0,0,0,0,1,9,0,0,2,0,0,0,2,0,95%,90,2.25
Mads Roerslev,BRF,D,8,2.25,2.25,-35,-4.5,200,258,64,29,1,1,BRF 1<br/>@MUN 2 F,0,1,0,0,2,1,0,0,1,0,3,0,0,1,0,0,0,2,0,4%,90,2.25
Evan Ferguson,BHA,F,8,2.0,2.0,3,-1.5,66,62,19,22,1,1,LIV 2<br/>@BHA 2 F,0,1,0,0,1,3,0,0,0,0,2,0,0,1,0,0,0,2,0,98%,59,2.0
Levi Colwill,CHE,D,8,2.0,2.0,13,-2.0,136,59,12,25,1,1,CHE 4<br/>@BUR 1 F,0,0,0,0,3,0,0,0,0,1,0,0,0,0,0,0,0,1,0,94%,90,2.0
Odsonne Edouard,CRY,F,8,2.0,2.0,15,-1.5,102,38,13,28,1,1,NOT 0<br/>@CRY 0 F,0,1,0,0,0,3,0,0,0,1,1,0,0,1,0,0,0,0,1,81%,90,2.0
Axel Disasi,CHE,D,8,2.0,2.0,9,-3.0,139,80,17,26,1,1,CHE 4<br/>@BUR 1 F,0,0,0,0,0,2,0,0,0,0,4,1,1,2,0,0,0,1,0,81%,90,2.0
Matheus Cunha,WOL,F,8,2.0,2.0,11,0.0,124,79,23,34,1,1,AVL 1<br/>@WOL 1 F,0,0,0,0,1,0,0,0,0,0,0,0,1,0,0,0,0,1,0,66%,75,2.0
Harry Wilson,FUL,M,8,2.0,2.0,-20,0.0,200,220,69,49,0,1,SHU 1<br/>@FUL 3 F,0,0,0,0,0,0,0,0,1,0,0,1,0,0,0,0,0,0,0,44%,11,2.0
Joseph Gomez,LIV,D,8,2.0,2.0,-9,-2.0,200,156,38,29,0,1,LIV 2<br/>@BHA 2 F,0,1,0,0,2,0,1,0,0,0,0,0,0,0,0,0,0,0,0,25%,9,2.0
Jean-Philippe Mateta,CRY,F,8,2.0,2.0,-1,-1.5,200,199,44,43,1,1,NOT 0<br/>@CRY 0 F,0,0,0,1,0,3,0,0,0,0,0,1,0,1,0,0,0,0,1,10%,90,2.0
Jacob Murphy,NEW,M,8,2.0,2.0,-34,0.0,200,277,83,49,0,1,NEW 2<br/>@WHU 2 F,0,0,0,0,2,0,0,0,0,0,0,0,0,0,0,0,0,1,0,6%,7,2.0
David Brooks,BOU,M,8,2.0,2.0,-16,0.0,200,204,65,49,0,1,BOU 0<br/>@EVE 3 F,0,0,0,0,0,0,0,0,1,1,0,0,0,0,0,0,0,0,0,5%,22,2.0
James Mcatee,SHU,M,8,2.0,2.0,-39,0.0,200,293,88,49,0,1,SHU 1<br/>@FUL 3 F,0,0,0,0,1,0,0,0,0,1,0,0,0,0,0,0,0,2,0,4%,23,2.0
Calvin Bassey,FUL,D,8,2.0,2.0,-71,0.0,200,731,100,29,0,1,SHU 1<br/>@FUL 3 F,0,0,0,0,1,0,0,0,0,0,0,1,0,0,0,0,0,0,0,1%,18,2.0
Boubacar Traore,WOL,M,8,2.0,2.0,-49,0.0,200,352,98,49,0,1,AVL 1<br/>@WOL 1 F,0,1,0,0,0,0,0,0,0,0,1,0,0,0,0,0,0,0,0,0%,20,2.0
Rodrigo Muniz,FUL,F,8,2.0,2.0,-24,-1.0,200,393,67,43,0,1,SHU 1<br/>@FUL 3 F,0,1,0,0,0,2,0,0,0,1,1,0,0,0,0,0,0,0,0,0%,11,2.0
Saman Ghoddos,BRF,F,8,2.0,2.0,-20,0.0,200,329,63,43,0,1,BRF 1<br/>@MUN 2 F,0,1,0,0,0,0,0,0,0,0,0,0,0,0,0,0,0,2,0,0%,6,2.0
Emerson Royal,TOT,D,8,1.75,1.75,-43,0.0,200,299,72,29,0,1,TOT 1<br/>@LUT 0 F,0,0,0,0,0,0,0,0,0,0,3,0,0,1,0,0,0,0,0,17%,13,1.75
Victor Lindelof,MUN,D,8,1.75,1.75,-38,-2.5,200,275,67,29,1,1,BRF 1<br/>@MUN 2 F,0,1,0,0,0,1,0,0,0,2,1,0,0,0,0,0,0,1,0,11%,70,1.75
Gonzalo Montiel,NOT,D,8,1.75,1.75,-55,0.0,200,346,84,29,0,1,NOT 0<br/>@CRY 0 F,0,0,0,0,0,0,0,0,0,1,3,0,0,0,0,0,0,0,0,2%,45,1.75
Virgil van Dijk,LIV,D,8,1.5,1.5,-18,-4.0,40,97,23,5,1,1,LIV 2<br/>@BHA 2 F,0,0,0,0,0,0,0,0,0,0,6,0,2,2,0,0,0,2,0,100%,90,1.5
Bernardo Silva,MCI,M,8,1.5,1.5,-15,-2.5,91,143,47,32,1,1,MCI 0<br/>@ARS 1 F,0,0,0,0,2,1,1,0,0,0,0,0,2,0,0,0,0,1,0,99%,90,1.5
Mason Mount,MUN,M,8,1.5,1.5,-62,-1.0,62,264,81,19,1,1,BRF 1<br/>@MUN 2 F,0,1,0,0,0,2,0,0,0,0,0,0,0,1,0,0,0,1,0,96%,62,1.5
Leandro Trossard,ARS,M,8,1.5,1.5,-26,-0.5,89,172,57,31,1,1,MCI 0<br/>@ARS 1 F,0,1,0,0,0,1,0,0,0,0,0,0,0,0,0,0,0,0,0,94%,45,1.5
Rasmus Hojlund,MUN,F,8,1.5,1.5,-36,-1.5,70,276,59,23,1,1,BRF 1<br/>@MUN 2 F,0,1,0,0,0,3,0,0,0,0,0,1,0,0,0,0,0,1,0,88%,90,1.5
Jordan Ayew,CRY,F,8,1.5,1.5,11,-2.0,119,78,22,33,1,1,NOT 0<br/>@CRY 0 F,0,0,0,1,0,4,0,0,0,0,0,1,0,1,0,0,0,0,1,75%,90,1.5
Matheus Nunes,MCI,M,8,1.5,1.5,-15,-0.5,200,193,64,49,0,1,MCI 0<br/>@ARS 1 F,0,0,0,0,1,1,0,0,0,0,0,1,0,0,0,0,0,1,0,67%,21,1.5
Beto,EVE,F,8,1.5,1.5,-16,0.0,116,225,48,32,0,1,BOU 0<br/>@EVE 3 F,0,0,0,0,0,0,0,0,0,0,0,1,0,1,0,0,0,0,0,31%,6,1.5
Anthony Martial,MUN,F,8,1.5,1.5,-12,-0.5,200,263,55,43,0,1,BRF 1<br/>@MUN 2 F,0,0,0,1,0,1,0,0,0,0,0,0,0,0,0,0,0,0,0,12%,18,1.5
Aaron Ramsey,BUR,M,8,1.5,1.5,-41,-0.5,200,304,90,49,0,1,CHE 4<br/>@BUR 1 F,0,0,0,0,2,1,0,0,0,0,0,0,0,0,0,0,0,2,0,3%,28,1.5
Mike Tresor,BUR,F,8,1.5,1.5,-21,-0.5,200,341,64,43,1,1,CHE 4<br/>@BUR 1 F,0,0,0,0,2,1,0,0,0,0,0,0,0,0,0,0,0,2,0,2%,60,1.5
Joe Rothwell,BOU,M,8,1.5,1.5,-35,-0.5,200,278,84,49,0,1,BOU 0<br/>@EVE 3 F,0,1,0,0,0,1,0,0,0,0,0,0,0,0,0,0,0,1,0,1%,45,1.5
Jacob Bruun Larsen,BUR,F,8,1.5,1.5,-7,-0.5,200,236,50,43,0,1,CHE 4<br/>@BUR 1 F,0,0,0,0,1,1,0,0,0,0,0,1,0,0,0,0,0,0,0,0%,10,1.5
Cheikhou Kouyate,NOT,M,8,1.5,1.5,-45,0.0,200,325,94,49,0,1,NOT 0<br/>@CRY 0 F,0,0,0,0,0,0,0,0,0,1,0,0,0,1,0,0,0,0,0,0%,6,1.5
Ben Davies,TOT,D,8,1.25,1.25,-41,0.0,200,291,70,29,0,1,TOT 1<br/>@LUT 0 F,0,0,0,0,1,0,0,0,0,0,1,0,0,0,0,0,0,0,0,8%,7,1.25
Jeffrey Schlupp,CRY,M,8,1.0,1.0,2,0.0,144,136,44,46,1,1,NOT 0<br/>@CRY 0 F,0,0,0,0,1,0,0,0,0,0,0,0,0,0,0,0,0,0,0,31%,25,1.0
Pierre-Emile Hojbjerg,TOT,M,8,1.0,1.0,-52,-2.0,200,384,101,49,0,1,TOT 1<br/>@LUT 0 F,0,0,0,0,1,0,1,0,0,1,1,0,1,0,0,0,0,0,0,15%,45,1.0
Harvey Elliott,LIV,M,8,1.0,1.0,-40,-1.0,200,295,89,49,1,1,LIV 2<br/>@BHA 2 F,0,1,0,0,0,2,0,0,0,0,0,0,0,0,0,0,0,1,0,14%,45,1.0
Will Hughes,CRY,M,8,1.0,0.0,-25,-1.0,200,240,74,49,1,1,NOT 0<br/>@CRY 0 F,0,0,0,0,0,2,0,0,0,0,2,0,1,0,0,0,0,0,1,5%,90,1.0
Sasa Kalajdzic,WOL,F,8,1.0,1.0,-11,-2.0,200,259,54,43,0,1,AVL 1<br/>@WOL 1 F,0,1,0,0,1,0,1,0,0,0,0,0,0,0,0,0,0,0,0,2%,13,1.0
Trent Alexander-Arnold,LIV,D,8,0.75,0.75,-26,-4.0,8,131,28,2,1,1,LIV 2<br/>@BHA 2 F,0,0,0,0,3,0,0,0,0,1,3,0,0,0,0,0,0,2,0,100%,79,0.75
Anel Ahmedhodzic,SHU,D,8,0.75,0.75,-52,-6.0,200,333,81,29,1,1,SHU 1<br/>@FUL 3 F,0,0,0,0,2,0,0,0,0,3,3,0,0,1,0,0,0,3,0,12%,90,0.75
Nathan Ake,MCI,D,8,0.5,0.5,-3,-2.0,200,147,32,29,1,1,MCI 0<br/>@ARS 1 F,0,0,0,0,2,0,0,0,0,0,2,0,0,0,0,0,0,1,0,89%,90,0.5
Eddie Nketiah,ARS,F,8,0.5,0.5,23,-0.5,200,68,20,43,1,1,MCI 0<br/>@ARS 1 F,0,0,0,0,0,1,0,0,0,0,0,0,0,2,0,0,0,0,1,83%,74,0.5
Michail Antonio,WHU,F,8,0.5,0.5,6,-2.0,132,103,31,37,1,1,NEW 2<br/>@WHU 2 F,0,0,0,0,0,0,1,0,0,0,0,1,0,3,0,0,0,2,0,74%,74,0.5
Armando Broja,CHE,F,8,0.5,0.5,-22,-0.5,138,284,60,38,1,1,CHE 4<br/>@BUR 1 F,0,0,0,0,0,1,0,0,0,0,0,1,0,0,0,0,0,1,0,42%,45,0.5
Harrison Reed,FUL,M,8,0.5,0.5,-7,0.0,200,171,56,49,0,1,SHU 1<br/>@FUL 3 F,0,0,0,0,0,0,0,0,0,0,1,0,0,1,0,0,0,0,0,8%,10,0.5
Toti,WOL,D,8,0.5,0.5,-57,-2.0,200,353,86,29,1,1,AVL 1<br/>@WOL 1 F,0,0,0,0,0,0,0,0,0,0,2,0,1,1,0,0,0,1,0,1%,90,0.5
Matt Doherty,WOL,D,8,0.25,0.25,-62,-2.0,200,380,91,29,0,1,AVL 1<br/>@WOL 1 F,0,0,0,0,0,0,0,0,0,0,1,1,0,1,0,0,0,1,0,17%,45,0.25
Callum Wilson,NEW,F,8,0.0,0.0,-5,0.0,59,82,25,20,0,1,NEW 2<br/>@WHU 2 F,0,0,0,0,0,0,0,0,0,0,0,0,0,0,0,0,0,1,0,96%,3,0.0
Antony,MUN,F,8,0.0,0.0,-13,0.0,82,189,40,27,0,1,BRF 1<br/>@MUN 2 F,0,0,0,0,0,0,0,0,0,0,0,0,0,0,0,0,0,0,0,77%,26,0.0
Ansu Fati,BHA,F,8,0.0,0.0,-28,0.0,110,269,57,29,0,1,LIV 2<br/>@BHA 2 F,0,0,0,0,0,0,0,0,0,0,0,0,0,0,0,0,0,0,0,69%,1,0.0
Said Benrahma,WHU,M,8,0.0,0.0,-12,0.0,108,159,52,40,0,1,NEW 2<br/>@WHU 2 F,0,0,0,0,0,0,0,0,0,0,0,0,0,0,0,0,0,0,0,65%,14,0.0
Ryan Christie,BOU,M,8,0.0,0.0,15,-1.0,128,94,28,43,1,1,BOU 0<br/>@EVE 3 F,0,0,0,0,0,2,0,0,0,1,1,0,0,0,0,0,0,2,0,41%,45,0.0
Thomas Partey,ARS,M,8,0.0,0.0,-19,0.0,200,212,68,49,0,1,MCI 0<br/>@ARS 1 F,0,0,0,0,0,0,0,0,0,0,0,0,0,0,0,0,0,0,0,40%,14,0.0
Anthony Elanga,NOT,F,8,0.0,0.0,7,0.0,147,123,34,41,0,1,NOT 0<br/>@CRY 0 F,0,0,0,0,0,0,0,0,0,0,0,0,0,0,0,0,0,0,0,39%,23,0.0
Youri Tielemans,AVL,M,8,0.0,0.0,-50,0.0,200,377,99,49,0,1,AVL 1<br/>@WOL 1 F,0,0,0,0,0,0,0,0,0,0,0,0,0,0,0,0,0,0,0,32%,7,0.0
Danny Welbeck,BHA,F,8,0.0,0.0,-3,0.0,200,216,46,43,0,1,LIV 2<br/>@BHA 2 F,0,0,0,0,0,0,0,0,0,0,1,0,0,0,0,0,0,0,0,29%,29,0.0
Josh Cullen,BUR,M,8,0.0,0.0,-4,-2.0,200,161,53,49,1,1,CHE 4<br/>@BUR 1 F,0,0,0,0,2,0,1,0,0,0,0,0,0,0,0,0,0,2,0,8%,60,0.0
Ross Barkley,LUT,M,8,0.0,0.0,-37,-0.5,200,283,86,49,0,1,TOT 1<br/>@LUT 0 F,0,0,0,0,0,1,0,0,0,0,0,0,0,1,0,0,0,0,0,7%,8,0.0
Ian Maatsen,CHE,D,8,0.0,0.0,-58,0.0,200,354,87,29,0,1,CHE 4<br/>@BUR 1 F,0,0,0,0,0,0,0,0,0,0,0,0,0,0,0,0,0,0,0,6%,3,0.0
Max Aarons,BOU,D,8,0.0,0.0,-45,0.0,200,306,74,29,0,1,BOU 0<br/>@EVE 3 F,0,0,0,0,0,0,0,0,0,0,0,0,0,0,0,0,0,0,0,6%,3,0.0
Takehiro Tomiyasu,ARS,D,8,0.0,0.0,-53,0.0,200,335,82,29,0,1,MCI 0<br/>@ARS 1 F,0,0,0,0,0,0,0,0,0,0,0,0,0,0,0,0,0,0,0,4%,14,0.0
Nathan Patterson,EVE,D,8,0.0,0.0,-31,0.0,200,243,60,29,0,1,BOU 0<br/>@EVE 3 F,0,0,0,0,0,0,0,0,0,0,0,0,0,0,0,0,0,0,0,4%,11,0.0
Fabio Silva,WOL,F,8,0.0,0.0,-10,0.0,200,251,53,43,0,1,AVL 1<br/>@WOL 1 F,0,0,0,0,0,0,0,0,0,0,0,0,0,0,0,0,0,0,0,3%,3,0.0
Matt Targett,NEW,D,8,0.0,0.0,-73,0.0,200,733,102,29,0,1,NEW 2<br/>@WHU 2 F,0,0,0,0,0,0,0,0,0,0,0,0,0,0,0,0,0,0,0,1%,1,0.0
Alejo Veliz,TOT,F,8,0.0,0.0,-27,0.0,200,724,70,43,0,1,TOT 1<br/>@LUT 0 F,0,0,0,0,0,0,0,0,0,0,0,0,0,0,0,0,0,0,0,1%,1,0.0
Rhian Brewster,SHU,F,8,0.0,0.0,-23,0.0,200,382,66,43,0,1,SHU 1<br/>@FUL 3 F,0,0,0,0,0,0,0,0,0,0,0,0,0,0,0,0,0,1,0,1%,10,0.0
Youssef Ramalho Chermiti,EVE,F,8,0.0,0.0,-26,0.0,200,718,69,43,0,1,BOU 0<br/>@EVE 3 F,0,0,0,0,0,0,0,0,0,0,0,0,0,0,0,0,0,0,0,0%,1,0.0
Luke Berry,LUT,M,8,0.0,0.0,-53,0.0,200,435,102,49,0,1,TOT 1<br/>@LUT 0 F,0,0,0,0,0,0,0,0,0,0,0,0,0,0,0,0,0,0,0,0%,23,0.0
Luke Thomas,SHU,D,8,-0.25,-0.25,-67,-2.5,200,723,96,29,1,1,SHU 1<br/>@FUL 3 F,0,0,0,0,1,1,0,0,0,0,1,0,1,0,0,0,0,1,0,3%,65,-0.25
Julian Alvarez,MCI,F,8,-0.5,-0.5,-2,-0.5,9,9,5,3,1,1,MCI 0<br/>@ARS 1 F,0,0,0,0,0,1,0,0,0,0,2,0,0,0,0,0,0,0,1,100%,67,-0.5
Thiago Silva,CHE,D,8,-0.5,-0.5,-3,-4.0,95,83,18,15,1,1,CHE 4<br/>@BUR 1 F,0,0,0,0,1,0,1,0,0,0,2,0,0,2,0,0,0,1,0,92%,90,-0.5
Mykhailo Mudryk,CHE,M,8,-0.5,-0.5,-26,-0.5,94,180,60,34,0,1,CHE 4<br/>@BUR 1 F,0,0,0,0,0,1,0,0,0,0,1,0,0,0,0,0,0,0,0,82%,6,-0.5
Nicolo Zaniolo,AVL,M,8,-0.5,-0.5,-31,-0.5,200,262,80,49,0,1,AVL 1<br/>@WOL 1 F,0,0,0,0,0,1,0,0,0,0,0,0,0,0,0,0,0,0,0,29%,27,-0.5
Jorginho,ARS,M,8,-0.5,-1.5,-51,-2.5,200,383,100,49,1,1,MCI 0<br/>@ARS 1 F,0,0,0,0,0,1,1,0,0,0,1,1,0,0,0,0,0,0,1,8%,74,-0.5
Sander Berge,BUR,M,8,-0.5,-0.5,-10,-1.0,200,179,59,49,1,1,CHE 4<br/>@BUR 1 F,0,0,0,0,0,2,0,0,0,0,0,0,0,1,0,0,0,4,0,6%,90,-0.5
Divock Origi,NOT,F,8,-0.5,-0.5,-25,-0.5,200,715,68,43,0,1,NOT 0<br/>@CRY 0 F,0,0,0,0,0,1,0,0,0,0,0,0,0,0,0,0,0,0,0,3%,13,-0.5
Neal Maupay,BRF,F,8,-0.5,-0.5,-19,-2.5,200,303,62,43,0,1,BRF 1<br/>@MUN 2 F,0,0,0,1,0,1,1,0,0,0,0,0,0,0,0,0,0,2,0,2%,19,-0.5
Oliver Skipp,TOT,M,8,-0.5,-0.5,-54,-0.5,200,720,103,49,0,1,TOT 1<br/>@LUT 0 F,0,0,0,0,0,1,0,0,0,0,0,0,0,0,0,0,0,0,0,1%,13,-0.5
Ruben Dias,MCI,D,8,-0.75,-0.75,-20,-2.0,200,196,49,29,1,1,MCI 0<br/>@ARS 1 F,0,0,0,0,0,0,0,0,0,0,1,0,0,1,0,0,0,1,0,94%,90,-0.75
Diego Carlos,AVL,D,8,-0.75,-0.75,-49,-2.0,200,321,78,29,1,1,AVL 1<br/>@WOL 1 F,0,0,0,0,0,0,0,0,0,1,1,0,0,0,0,0,0,1,0,5%,90,-0.75
Mateo Kovacic,MCI,M,8,-1.0,-2.0,-24,-3.0,200,238,73,49,1,1,MCI 0<br/>@ARS 1 F,0,0,0,0,1,2,1,0,0,0,0,0,0,0,0,0,0,0,1,71%,67,-1.0
Joao Gomes,WOL,M,8,-1.0,-1.0,-12,-1.0,200,182,61,49,1,1,AVL 1<br/>@WOL 1 F,0,0,0,0,0,2,0,0,0,0,2,0,0,0,0,0,0,1,0,9%,68,-1.0
Jacob Brown,LUT,F,8,-1.0,-1.0,5,-1.0,200,183,38,43,1,1,TOT 1<br/>@LUT 0 F,0,0,0,0,0,2,0,0,0,0,0,0,0,0,0,0,0,1,0,4%,65,-1.0
Adam Smith,BOU,D,8,-1.0,-1.0,-68,-6.5,200,726,97,29,1,1,BOU 0<br/>@EVE 3 F,0,1,0,0,0,1,0,0,2,0,2,0,1,0,0,0,0,3,0,0%,85,-1.0
Marcos Senesi,BOU,D,8,-1.25,-1.25,-46,-6.0,200,311,75,29,1,1,BOU 0<br/>@EVE 3 F,0,0,0,0,1,0,0,0,0,0,3,1,0,2,0,0,0,3,0,2%,90,-1.25
Jack Robinson,SHU,D,8,-1.25,-1.25,-47,-6.0,200,314,76,29,0,1,SHU 1<br/>@FUL 3 F,0,0,0,0,2,0,0,0,0,0,3,0,1,1,0,0,0,3,0,2%,54,-1.25
Milos Kerkez,BOU,D,8,-1.75,-1.75,-40,-7.0,200,282,69,29,1,1,BOU 0<br/>@EVE 3 F,0,0,0,0,1,2,0,0,0,1,1,1,1,1,0,0,0,3,0,25%,66,-1.75
Miguel Almiron,NEW,M,8,-2.0,-2.0,-17,-2.0,64,120,37,20,1,1,NEW 2<br/>@WHU 2 F,0,0,0,0,0,0,1,0,0,0,0,0,0,0,0,0,0,1,0,98%,81,-2.0
John Stones,MCI,D,8,-2.0,-2.0,-64,-2.0,200,680,93,29,0,1,MCI 0<br/>@ARS 1 F,0,0,0,0,0,0,0,0,0,0,0,0,0,0,0,0,0,1,0,82%,21,-2.0
Ibrahima Konate,LIV,D,8,-2.0,-2.0,-48,-2.0,130,296,71,23,0,1,LIV 2<br/>@BHA 2 F,0,0,0,0,0,0,0,0,0,0,0,0,0,0,0,0,0,1,0,64%,16,-2.0
Ryan Yates,NOT,M,8,-2.0,-2.0,-36,-2.0,200,280,85,49,0,1,NOT 0<br/>@CRY 0 F,0,0,0,0,0,0,1,0,0,0,0,0,0,0,0,0,0,0,0,1%,13,-2.0
Bruno Guimaraes,NEW,M,8,-2.5,-2.5,12,-3.5,92,58,21,33,1,1,NEW 2<br/>@WHU 2 F,0,0,0,0,1,3,1,0,0,0,1,0,0,0,0,0,0,2,0,99%,90,-2.5
Dara O'Shea,BUR,D,8,-2.75,-2.75,-59,-6.0,200,368,88,29,0,1,CHE 4<br/>@BUR 1 F,0,0,0,0,0,0,0,0,0,1,1,0,0,2,0,0,0,3,0,2%,45,-2.75
Sean Longstaff,NEW,M,8,-3.0,-3.0,15,-3.0,200,110,34,49,1,1,NEW 2<br/>@WHU 2 F,0,0,0,0,0,2,1,0,0,0,0,0,0,0,0,0,0,2,0,56%,90,-3.0
Nayef Aguerd,WHU,D,8,-3.0,-3.0,-2,-4.0,140,134,29,27,1,1,NEW 2<br/>@WHU 2 F,0,0,0,0,0,0,0,0,0,0,0,1,0,0,0,0,0,2,0,36%,90,-3.0
Joel Veltman,BHA,D,8,-3.0,-3.0,-33,-4.5,200,256,62,29,1,1,LIV 2<br/>@BHA 2 F,0,0,0,0,1,1,0,0,0,0,2,0,0,0,0,0,0,2,0,21%,90,-3.0
Vitinho,BUR,D,8,-3.0,-3.0,-69,-4.5,200,729,98,29,1,1,CHE 4<br/>@BUR 1 F,0,0,0,0,0,1,0,0,0,1,2,0,0,0,0,0,0,2,0,1%,60,-3.0
Hannes Delcroix,BUR,D,8,-3.25,-3.25,-65,-8.5,200,713,94,29,1,1,CHE 4<br/>@BUR 1 F,0,0,0,0,2,1,0,0,0,0,1,0,1,2,0,0,0,4,0,1%,90,-3.25
Charlie Taylor,BUR,D,8,-4.0,-4.0,-54,-8.5,200,338,83,29,1,1,CHE 4<br/>@BUR 1 F,0,1,0,0,0,1,0,0,0,0,2,1,0,1,0,0,0,4,0,1%,90,-4.0
Yasser Larouci,SHU,D,8,-4.25,-4.25,-63,-4.5,200,573,92,29,0,1,SHU 1<br/>@FUL 3 F,0,0,0,0,0,1,0,0,0,0,1,0,0,0,0,0,0,2,0,1%,23,-4.25
Yves Bissouma,TOT,M,8,-5.0,-5.0,-7,-7.0,79,109,33,26,1,1,TOT 1<br/>@LUT 0 F,0,0,0,0,1,0,0,1,0,0,0,1,0,0,0,0,0,0,0,81%,45,-5.0
Ameen Al Dakhil,BUR,D,8,-5.0,-5.0,-72,-7.0,200,732,101,29,1,1,CHE 4<br/>@BUR 1 F,0,0,0,0,1,0,0,0,0,0,0,0,1,0,0,0,1,1,0,1%,45,-5.0
Aaron Hickey,BRF,D,8,-6.25,-6.25,-70,-6.5,200,730,99,29,1,1,BRF 1<br/>@MUN 2 F,0,0,0,0,0,1,1,0,0,0,1,0,0,0,0,0,0,2,0,8%,90,-6.25
